kind,id,metadata_id,family,gender,location,sha256,split
HS,F_AF_A,F_AF_A,Atrial Fibrillation,F,Apex,0c8586c0e130c27690ab8899c7936923410ea5de7caf77a1ce625414154eafbb,development
HS,F_AF_LUSB,F_AF_LUSB,Atrial Fibrillation,F,LUSB,88817e8f2f34b462eb56557bccc3983755a911e26e422bfd9ff38bf44bdb4832,development
HS,F_ESM_LLSB,F_ESM_LLSB,Early Systolic Murmur,F,LLSB,c1f3218b6eb105c9a1a345781dc0f71ae001094fa8b83de53f97a29eab6d4c2d,development
HS,F_ESM_LUSB,F_ESM_LUSB,Early Systolic Murmur,F,LUSB,008d47f314df8d536a5a3a12f22e74fc2407cfa2f7be4b2167571aa304dd7e38,development
HS,F_ESM_RUSB,F_ESM_RUSB,Early Systolic Murmur,F,RUSB,d86d743fa04519413a81fa8f42f92ca6754472625d90263ef46da833b7706281,development
HS,F_LDM_A,F_LDM_A,Late Diastolic Murmur,F,Apex,82f4276b0dc48d189ec952659bba468b19448614167c23ad26b73663d1de546c,validation
HS,F_LDM_LLSB,F_LDM_LLSB,Late Diastolic Murmur,F,LLSB,69e5156243d5e7fa8763895e2ffacb2513675f0b60319333b2d34e90d66ea1f8,validation
HS,F_LDM_LUSB,F_LDM_LUSB,Late Diastolic Murmur,F,LUSB,9c5ff84f4ab96048a1f61f63e2d550af314f9c439530cce74bcc4a2355881c73,validation
HS,F_LSM_A,F_LSM_A,Late Systolic Murmur,F,Apex,75c2880908609dc205961705e3c61659cb0100f2c4a4486fa980e434f045a250,development
HS,F_LSM_LLSB,F_LSM_LLSB,Late Systolic Murmur,F,LLSB,a3a034d756b5bbef243f7b0a28b7b9b366de8d42b6ada0414be87412d93551f3,development
HS,F_LSM_LUSB,F_LSM_LUSB,Late Systolic Murmur,F,LUSB,2778d5741abddac9df61c9d6c8e56b33e8e03e8b72e8e2dd4f328018a709feb5,development
HS,F_MSM_A,F_MSM_A,Mid Systolic Murmur,F,Apex,9e2474ad2e766a1da84a3af494f05736971c985efc2a3c0aab80ef42bd86bb6a,development
HS,F_MSM_LLSB,F_MSM_LLSB,Mid Systolic Murmur,F,LLSB,1194f42559999a9d8fa5d8cc20ee6cfc2ed8047df99c30186b28587ce30941b7,development
HS,F_MSM_LUSB,F_MSM_LUSB,Mid Systolic Murmur,F,LUSB,5990211522e34db14f7756715a99cd54f6441a4b3c8f30cc6b4e8b93b9c77289,development
HS,F_N_A,F_N_A,Normal,F,Apex,1e44aa69ab96779a6bcaadbfa931faf88701a2f2a4f5fbae0ede995627969149,development
HS,F_N_LC,F_N_LC,Normal,F,LC,af10e002f75890b1000725446288d23fa6932926879ecf5ee575ee05399f6004,development
HS,F_N_LLSB,F_N_LLSB,Normal,F,LLSB,2ad22e4f843b3bdb4bc29f170acef9b5af42d352cfe1a4b895d92a13dcffd175,development
HS,F_N_LUSB,F_N_LUSB,Normal,F,LUSB,67e3185b169c948de9783386124a91b615760f7f7d1929012308e7eba57b9b13,development
HS,F_N_RC,F_N_RC,Normal,F,RC,934df9a969d22e6ff6cc67420d79fb35c6b8516b9f20de66fc9c144fd0af6d0c,development
HS,F_N_RUSB,F_N_RUSB,Normal,F,RUSB,0ff7799ce9e49afff14fa48eeb7d47b92d665951fee419e198291a474834d719,development
HS,F_S3_A,F_S3_A,S3,F,Apex,2f726202cb58008ea99e7ffcee59349b93b24d8d21024881775696a1efb66d88,development
HS,F_S3_LC,F_S3_LC,S3,F,LC,e47372e6546db6426159d14f677d151e9e5d371bb2e37eba867dc0150d1f149a,development
HS,F_S3_LLSB,F_S3_LLSB,S3,F,LLSB,bde684e26a262cbbe09105e8f609d34160035d1fd8198f9806c08b172955a812,development
HS,F_S4_RC,F_S4_RC,S4,F,RC,d3bb640c1411d2a21fe35aaaa84076888144d9ab7dc0b02ebaeef76c3c3c905d,test
HS,F_T_A,F_T_A,Tachycardia,F,Apex,c73d7749bbed0d9281913e0fbdf70ed01e5c10f6e41be4d06d65d71064bf9d94,validation
HS,F_T_RC,F_T_RC,Tachycardia,F,LC,48adc3e3a3e5e66f6e02cf186523692e1066dd361eaf20069a8515d00900ec67,validation
HS,M_AF_LC,M_AF_LC,Atrial Fibrillation,M,LC,69d07217522cbb9440a8b442d34c981a977b4bae3668bb6e07ad2217bbd52623,development
HS,M_AF_RUSB,M_AF_RUSB,Atrial Fibrillation,M,RUSB,8e26f0831bf23eaee0e31582a8346a334980eace1c384014e3248bcd12f5a306,development
HS,M_AVB_A,M_AVB_A,AV Block,M,Apex,daac5d4fd3a6cd2999879b6f371918fa0ab574fada1248683f3126418bccff12,test
HS,M_AVB_LLSB,M_AVB_LLSB,AV Block,M,LLSB,405f51125b2d439c6f952837719c881755d6df7f2357192fde52ffe10fa89665,test
HS,M_AVB_RC,M_AVB_RC,AV Block,M,RC,2d265504b544dba8893e2e669edbb792061ae3da94906a8152eb1cbecc4070bf,test
HS,M_ESM_A,M_ESM_A,Early Systolic Murmur,M,Apex,81d85ffcfa724bec98cbee7fc744015e0278884dd1221f1e02c2ceebbf07169b,development
HS,M_ESM_LUSB,M_ESM_LUSB,Early Systolic Murmur,M,LUSB,ee8738f0acd9a9c3fec30823fe84bfcea9ce80b33296bf8c35143a8e70802cba,development
HS,M_ESM_RUSB,M_ESM_RUSB,Early Systolic Murmur,M,RUSB,06c001b40ec507a1786f0349dbad43ecf4995acfcbcbbfd63a6d7eb3d4eac9c3,development
HS,M_LDM_LC,M_LDM_LC,Late Diastolic Murmur,M,LC,e70a770aa8567d096f2b7c9d87e5187be8a0209be0e185b6550df40d37977856,validation
HS,M_LDM_LLSB,M_LDM_LLSB,Late Diastolic Murmur,M,LLSB,26d9211ea160a6cc10adecab89e389f68c6abe2f7c5474d8528cffcd4bda047f,validation
HS,M_LDM_LUSB,M_LDM_LUSB,Late Diastolic Murmur,M,LUSB,7cc5ed4feca6640f948180982b4dd6a2af3eccae5064089f56fad3be6b53fe96,validation
HS,M_LSM_LUSB,M_LSM_LUSB,Late Systolic Murmur,M,LUSB,01906a7b073ac50269837637dde876016bfed470c1dbb5f0049bfdecde2d39b9,development
HS,M_LSM_RUSB,M_LSM_RUSB,Late Systolic Murmur,M,RUSB,130bc3198c44067e9cd0c4ac2822ed97b6015451b2f9083515ee5367f63425f9,development
HS,M_MSM_A,M_MSM_A,Mid Systolic Murmur,M,Apex,4b0951ee97fb923b83adbc70115ad1f617e6bfba39add24a411de8845156a159,development
HS,M_MSM_LUSB,M_MSM_LUSB,Mid Systolic Murmur,M,LUSB,260191f3f132c026e47f08ab18c7ede9f3207c3bc26ee019d4e6888b90bf1c2f,development
HS,M_MSM_RC,M_MSM_RC,Mid Systolic Murmur,M,RC,173c5afb4040c9eff534a52488d3bc897c9852640b3534378f0f48e60ac630ee,development
HS,M_MSM_RUSB,M_MSM_RUSB,Mid Systolic Murmur,M,RUSB,9e7e6935baca8d4718502025b867bae1027785a6d52fc6f3bc46d2907f5f5f23,development
HS,M_N_LC,M_N_LC,Normal,M,LC,2cbdaefb380480e74fe54f2471c0cf96111e57f9dfca877534f5d7ba0b8bcb45,development
HS,M_N_LLSB,M_N_LLSB,Normal,M,LLSB,7043f1b2c8a517913929acdc599246105978eba45920d3423e3a436dbe2254c3,development
HS,M_N_RUSB,M_N_RUSB,Normal,M,RUSB,1761bd4a151efea378d7aa4c7ab03ad64c2fa048462be30d0ba8b48c767b7c7c,development
HS,M_S3_LLSB,M_S3_LLSB,S3,M,LLSB,8cccbf140279d44f80b8ff3b401fe290baa68495752fe6cc1245ac24542ac5bd,development
HS,M_S3_LUSB,M_S3_LUSB,S3,M,LUSB,b778a92961a40fe7be22b462ebe0116b549970ff9b64054432ae42e1dbb274fc,development
HS,M_S4_LUSB,M_S4_LUSB,S4,M,LUSB,847a34a50d573595da92081f62ad22b71747bc7e2719bdf016082bd70598d198,test
HS,M_T_LUSB,M_T_LUSB,Tachycardia,M,LUSB,90ecb009b57ea0d81cae989eff77a9647d1c22b88b5cf0d6b05a131bc8404cac,validation
LS,F_CC_LLA,F_G_LLA,Coarse Crackles,F,LLA,335102ce29559962368bfe6f855b96f095709aa354eb07a09bfb8fdff4b0a5c4,test
LS,F_CC_LMA,F_G_LMA,Coarse Crackles,F,LMA,1551eca8b8edf452993ed90b0db860638403f14376aeb137edcf90ddb88b9729,test
LS,F_CC_LUA,F_G_LUA,Coarse Crackles,F,LUA,6a033c3022991a3350674c37200d6f76214d4e7580d03fbef32c12f362c54397,test
LS,F_CC_RLA,F_G_RLA,Coarse Crackles,F,RLA,7087bb3226bdf547ff684e922bce4936fdf34196d09fed90e7d37248ce273db1,test
LS,F_CC_RMA,F_G_RMA,Coarse Crackles,F,RMA,ccc82265641fd77cfd43f967ac3648a39a86008475207c7c5c723a26bc4af188,test
LS,F_FC_LUA,F_C_LUA,Fine Crackles,F,LUA,a7394eb73eeeb0d43bf497be9846b8a51f112f609be8c29a5b91da7bc1d80f12,validation
LS,F_FC_RLA,F_C_RLA,Fine Crackles,F,RLA,34378c2f6f66d97df21ccb5cff9bf5335ea1d069554a356c729c674ac012bd90,validation
LS,F_N_LLA,F_N_LLA,Normal,F,LLA,d8e585f2e6c325deb607c0e3d299b135f23fbc36dff245b787562a6b26baf438,development
LS,F_N_LMA,F_N_LMA,Normal,F,LMA,4fca10815cf6a792e80af5af1b23de3461a35e3e16e08117f3fd084ef6889c0a,development
LS,F_N_LUA,F_N_LUA,Normal,F,LUA,e3416021c0bf5eb37790422b283eb3afe8a30167d36c3260d56523901641d41b,development
LS,F_N_RLA,F_N_RLA,Normal,F,RLA,012a1a39d4f38e5b08717bfb134b69e90621989c86f5e6181e307f178eb6a673,development
LS,F_N_RMA,F_N_RMA,Normal,F,RMA,c3c4c7c1adacfa4e134fac16116a019db6bc36122b7ef5a9ee30389a65fcc60c,development
LS,F_N_RUA,F_N_RUA,Normal,F,RUA,f70929d2cff4d43f2081c800d34d79600b05b7be48942bf2341d90ee7a42eba8,development
LS,F_PR_LLA,F_PR_LLA,Pleural Rub,F,LLA,a48ae948639da450eecce80aeeabe31419e6e4aad2ee21c7f26874cf5ef84ccb,development
LS,F_PR_LMA,F_PR_LMA,Pleural Rub,F,LMA,d8fbd7dc6ecd28955038e55d75ab28f1006692ae9229c7988da00bf112d61451,development
LS,F_PR_LUA,F_PR_LUA,Pleural Rub,F,LUA,6850efa827a3fdfaf27b5c12418330e993b391fdf1ac1698bf24fd07057d5f27,development
LS,F_R_LMA,F_R_LMA,Rhonchi,F,LMA,b22e4a39fe253c5b11f6a2273bf40db8f45b1962c343ccfebe37040a1ff4223e,development
LS,F_R_LUA,F_R_LUA,Rhonchi,F,LUA,6e16fbcfbcae5accbba8bcd344b617e3e20ade4749f727e9c674b8fc74eb75f0,development
LS,F_R_RLA,F_R_RLA,Rhonchi,F,RLA,602a1f583ad54188c919761d3128e334e84aadfa12f6e870f886e33f23fc2a08,development
LS,F_W_RUA,F_W_RUA,Wheezing,F,RUA,691c145cbb0634e4caaa68af480089af8e032f6d5e4e3d7781830d86065ed750,development
LS,M_CC_LLA,M_G_LLA,Coarse Crackles,M,LLA,9d1c272c1c313c54d58fcdb45568e13e8fe4df3b8a8c368c77de082009412b08,test
LS,M_CC_LMA,M_G_LMA,Coarse Crackles,M,LMA,773c78538578c1271215c30b58b98097daa9236cf70eb53c82c84ac58a7cf59f,test
LS,M_CC_LUA,M_G_LUA,Coarse Crackles,M,LUA,82982ee5a71a81297154acf6061a4ff50a74b866f13a348274763de1f132c743,test
LS,M_CC_RLA,M_G_RLA,Coarse Crackles,M,RLA,8a4f778e61654cde0ee53d3a61dae94ebdbc45c2fdfcea6c144ace86bc91d75d,test
LS,M_FC_LUA,M_C_LUA,Fine Crackles,M,LUA,2a55396ed2373d825dd78fa9a11c07366707fafdb741e37da037a73b2573872f,validation
LS,M_FC_RLA,M_C_RLA,Fine Crackles,M,RLA,fff0e2ec049da356ad9767b85df0c054c8a393340c6e7d608e70518d76182925,validation
LS,M_FC_RUA,M_C_RUA,Fine Crackles,M,RUA,08d97dfee8fba2182416e14387b8f15337bc8582e9a7d0cab64fc3209aaf4d34,validation
LS,M_N_LLA,M_N_LLA,Normal,M,LLA,73a7070b2a33aca15376bd7d802e6b581308d43e258e9249f3fb9065d3622c6f,development
LS,M_N_LMA,M_N_LMA,Normal,M,LMA,7c7e83b21a113db5782bf07364b05002ed6818b234c9f4ed16e6c20311d82902,development
LS,M_N_LUA,M_N_LUA,Normal,M,LUA,c138fdea9a74dbb2884eaca5f8f25a098c6ea30d3edf0d51e825cbb6424ac38c,development
LS,M_N_RLA,M_N_RLA,Normal,M,RLA,28cac077414f08ea0d878ad3f7c4595c9e61cf290c73657dd996efee09f150e4,development
LS,M_N_RMA,M_N_RMA,Normal,M,RMA,35684faf15c46f643bb036f13a574fb52008b19f0021f13b93ecae45d48c601d,development
LS,M_N_RUA,M_N_RUA,Normal,M,RUA,7896a4c66c2bda08e4e7acc89548ee153e596b1c50e9d863a11e746f43a12087,development
LS,M_PR_LLA,M_PR_LLA,Pleural Rub,M,LLA,bf0b3bd1fdf75d4acfeb2e36446461df4af46bb386f53c58097a1e845fff4458,development
LS,M_PR_LMA,M_PR_LMA,Pleural Rub,M,LMA,6e0f8aa93a9ab8b8b1b6f18a7026cb8b3b516e6f5984353d40a3eff38c21083d,development
LS,M_PR_LUA,M_PR_LUA,Pleural Rub,M,LUA,b82372d20d006b53e6b7b69610ebc41f42c05c054e3ca1971abc69fd8f89d320,development
LS,M_PR_RLA,M_PR_RLA,Pleural Rub,M,RLA,c1e9a95d49daef0b5e7ca34c69482ccec604b241aa3ab2fcf160e38139a555de,development
LS,M_PR_RMA,M_PR_RMA,Pleural Rub,M,RMA,2b3f4c8bfea2eb04a24020e1ece1ea277930a6bf26b52c7b221791a8c9f509d6,development
LS,M_PR_RUA,M_PR_RUA,Pleural Rub,M,RUA,c4cd0b01b75f025050cd8ea8432a1fe802b032c9085f1c93b91e294bfd2ec522,development
LS,M_R_LLA,M_R_LLA,Rhonchi,M,LLA,a7912e630bf08a5877b00f3403b1d45fca650ec0239b648931574f6c182623f2,development
LS,M_R_LMA,M_R_LMA,Rhonchi,M,LMA,0c48d8bb8ee6d94a8bc0709c260f75355c52e8398f9728a5c8b07d0c75ccfed0,development
LS,M_R_LUA,M_R_LUA,Rhonchi,M,LUA,5899c231c6d826a98e2ec7728ba8b2bbdacd4029b06f6e4e071f0035c4dea701,development
LS,M_R_RLA,M_R_RLA,Rhonchi,M,RLA,ab338049a69ff3b77a1ca6ec34926dbf352a7675ec5c3ac21ecccb4e9ab49e22,development
LS,M_R_RUA,M_R_RUA,Rhonchi,M,RUA,e1f3b9a5190882c3f544191b4062d7f7948708348eeff8892afe9b69d30487f0,development
LS,M_W_LLA,M_W_LLA,Wheezing,M,LLA,66631c4fd6c083a85fe29340515dbb4b97646f788ce94d6aee584b9e07e3b6cb,development
LS,M_W_LMA,M_W_LMA,Wheezing,M,LMA,f3faa92fd750f9b37ecd0de60fdb13d6ddf3ca45702c0c8db985ef17eb468cb9,development
LS,M_W_LUA,M_W_LUA,Wheezing,M,LUA,bc5d13efdb59f2691d0b4b08dd4357415d4badfb5254e16c282896ef666e90cd,development
LS,M_W_RLA,M_W_RLA,Wheezing,M,RLA,9aff30a6000fcc22b5b879ed83df2fa8089600e7ff8476d126d0f248dbf9c372,development
LS,M_W_RMA,M_W_RMA,Wheezing,M,RMA,676a83c3bb443efbe2c7ad610e53dd85f5978c8231ec0374dd9ea09fa8746e40,development
LS,M_W_RUA,M_W_RUA,Wheezing,M,RUA,238bb8c2b0c2730107fdb8a91363521b068dae45e988aad4220af3dc637bad96,development
